" 3D Run ID"	"L_p"	"L_slot"	"W_slot"	"W_slot2"
"1"	"13.9688"	"8.03125"	"9.875"	"3.5625"
"2"	"13.2188"	"6.71875"	"10.625"	"2.5625"
"3"	"13.5938"	"5.59375"	"13.125"	"2.1875"
"4"	"16.2188"	"4.84375"	"12.125"	"5.1875"
"5"	"12.8438"	"6.53125"	"11.625"	"3.4375"
"6"	"16.5938"	"9.71875"	"10.375"	"2.0625"
"7"	"17.3438"	"5.78125"	"8.125"	"3.8125"
"8"	"12.4688"	"7.09375"	"15.625"	"2.4375"
"9"	"16.9688"	"9.90625"	"9.375"	"3.1875"
"10"	"12.2812"	"7.84375"	"9.125"	"5.0625"
"11"	"14.5312"	"9.53125"	"11.125"	"3.6875"
"12"	"14.9062"	"6.34375"	"13.875"	"3.0625"
"13"	"15.8438"	"8.78125"	"12.625"	"5.3125"
"14"	"14.3438"	"8.59375"	"14.375"	"2.3125"
"15"	"15.2812"	"4.65625"	"15.125"	"3.9375"
"16"	"12.0938"	"5.03125"	"15.375"	"3.3125"
"17"	"16.0312"	"8.96875"	"8.625"	"4.6875"
"18"	"14.7188"	"9.34375"	"8.875"	"4.0625"
"19"	"15.6562"	"5.40625"	"9.625"	"5.6875"
"20"	"14.1562"	"5.21875"	"11.375"	"2.6875"
"21"	"15.0938"	"7.65625"	"10.125"	"4.9375"
"22"	"15.4688"	"4.46875"	"12.875"	"4.3125"
"23"	"17.7188"	"6.15625"	"14.875"	"2.9375"
"24"	"13.0312"	"4.09375"	"14.625"	"4.8125"
"25"	"17.5312"	"6.90625"	"8.375"	"5.5625"
"26"	"12.6562"	"8.21875"	"15.875"	"4.1875"
"27"	"13.4062"	"4.28125"	"13.625"	"5.9375"
"28"	"17.1562"	"7.46875"	"12.375"	"4.5625"
"29"	"13.7812"	"9.15625"	"11.875"	"2.8125"
"30"	"16.4062"	"8.40625"	"10.875"	"5.8125"
"31"	"16.7812"	"7.28125"	"13.375"	"5.4375"
"32"	"17.9062"	"5.96875"	"14.125"	"4.4375"
"33"	"12.7885"	"5.75035"	"14.15"	"3.02958"
"34"	"17.7339"	"8.21875"	"15.875"	"4.1875"
"35"	"14.0992"	"7.6752"	"9.66904"	"5.05356"
"36"	"12.8432"	"8.35004"	"12.7526"	"2.66121"
"37"	"13.684"	"6.94247"	"10.6735"	"2.6488"
"38"	"15.8438"	"8.78125"	"14.7858"	"4.83819"
"39"	"13.5243"	"7.5352"	"12.7508"	"4.35969"
"40"	"15.3708"	"8.59815"	"15.375"	"3.3125"
"41"	"17.8392"	"8.78125"	"11.6877"	"3.80807"
"42"	"13.9697"	"9.343"	"9.69378"	"3.64371"
"43"	"15.0762"	"8.54265"	"10.9152"	"4.3174"
"44"	"16.5592"	"9.85353"	"10.7609"	"4.59158"
"45"	"13.3456"	"6.94532"	"13.4119"	"4.52095"
"46"	"15.1167"	"7.52057"	"9.06023"	"2.70413"
"47"	"13.4152"	"6.8394"	"9.77962"	"3.55343"
"48"	"14.3348"	"6.94395"	"11.5526"	"3.56452"
"49"	"14.7786"	"9.90871"	"12.0091"	"3.59229"
"50"	"12.6562"	"8.21875"	"15.875"	"2.10468"
"51"	"13.037"	"7.05754"	"10.0292"	"4.77679"
"52"	"12.0416"	"8.35004"	"10.2237"	"4.02974"
"53"	"12.9458"	"9.02117"	"9.48221"	"2.68748"
"54"	"13.4271"	"8.41683"	"9.77464"	"2.59562"
"55"	"16.3252"	"7.35539"	"15.1082"	"5.92112"
"56"	"14.1829"	"8.06726"	"12.6927"	"4.5483"
"57"	"13.5465"	"9.20615"	"10.3885"	"3.57953"
"58"	"14.5312"	"9.70656"	"13.6829"	"2.80098"
"59"	"12.4688"	"7.82152"	"14.6553"	"2.41099"
"60"	"16.7026"	"8.20464"	"14.2113"	"3.15132"
"61"	"15.8438"	"8.78125"	"13.6965"	"5.19492"
"62"	"14.6363"	"9.32397"	"9.01107"	"4.09912"
"63"	"14.2841"	"8.24688"	"11.1944"	"4.08817"
"64"	"13.8277"	"7.77549"	"12.0881"	"4.15207"
"65"	"14.6012"	"8.48147"	"14.7903"	"4.48519"
"66"	"12.6562"	"6.24914"	"14.4394"	"5.5186"
"67"	"13.1769"	"7.91658"	"13.9799"	"3.10035"
"68"	"14.3302"	"4.76383"	"9.70249"	"5.02021"
"69"	"12.5491"	"5.15953"	"9.125"	"2.37701"
"70"	"14.169"	"8.47621"	"11.8587"	"4.26698"
"71"	"12.8703"	"8.74304"	"11.187"	"3.46157"
"72"	"17.8701"	"4.94813"	"15.875"	"3.01519"
"73"	"13.5465"	"5.66232"	"8.36097"	"5.77022"
"74"	"14.2638"	"9.82534"	"11.9097"	"3.33807"
"75"	"12.9458"	"9.02117"	"9.27668"	"3.67045"
"76"	"14.2948"	"8.38034"	"10.7625"	"3.42827"
"77"	"13.8496"	"8.65212"	"12.9396"	"3.52429"
"78"	"12.6214"	"8.36682"	"14.6818"	"3.58591"
"79"	"12.0416"	"5.23591"	"10.2237"	"2.68232"
"80"	"14.7017"	"8.06726"	"14.3305"	"3.2128"
"81"	"12.6214"	"4.30005"	"9.78245"	"4.48909"
"82"	"12.6375"	"8.22039"	"15.0183"	"3.7282"
"83"	"12.8874"	"8.5564"	"14.1219"	"3.59517"
"84"	"12.8703"	"4.05206"	"11.187"	"4.04626"
"85"	"14.8039"	"8.84867"	"12.8096"	"3.65424"
"86"	"12.5265"	"8.43955"	"9.22943"	"4.40047"
"87"	"12.9654"	"8.43788"	"14.0693"	"2.80193"
"88"	"12.31"	"8.35004"	"13.7069"	"4.08716"
"89"	"12.7551"	"8.72771"	"9.75727"	"3.95367"
"90"	"12.9458"	"9.02117"	"14.6511"	"2.85333"
"91"	"13.139"	"7.84375"	"9.125"	"5.0625"
"92"	"12.3902"	"7.12144"	"13.2466"	"5.46638"
"93"	"14.8746"	"9.06778"	"12.7526"	"5.62012"
"94"	"13.815"	"9.87558"	"11.9907"	"3.36907"
"95"	"14.9175"	"9.20615"	"13.8136"	"3.40878"
"96"	"13.7567"	"9.20534"	"13.7324"	"2.92738"
"97"	"13.1665"	"5.72002"	"12.4746"	"2.85333"
"98"	"13.1894"	"9.5036"	"14.6511"	"2.47887"
"99"	"12.6214"	"9.21543"	"11.6111"	"3.58591"
"100"	"14.6532"	"7.21758"	"14.1219"	"3.59517"
"101"	"17.0764"	"9.14728"	"15.2075"	"3.59517"
"102"	"12.6395"	"8.21903"	"15.1605"	"3.80697"
"103"	"15.1579"	"6.77646"	"8.5053"	"2.1833"
"104"	"13.5675"	"8.74304"	"11.697"	"3.46157"
"105"	"12.917"	"8.85572"	"10.4762"	"3.67283"
"106"	"12.5013"	"8.43281"	"12.2616"	"4.2621"
"107"	"17.6824"	"8.21875"	"15.875"	"4.1875"
"108"	"12.6422"	"8.72814"	"11.8923"	"2.97147"
"109"	"14.9758"	"8.74304"	"11.187"	"3.46157"
"110"	"12.9246"	"8.09708"	"10.2986"	"4.65778"
"111"	"12.4457"	"8.24687"	"11.2725"	"5.20954"
"112"	"15.1874"	"8.35004"	"12.7526"	"2.66121"
"113"	"12.3777"	"7.95449"	"11.6111"	"5.05799"
"114"	"12.6214"	"8.8432"	"10.0653"	"5.90105"
"115"	"12.4587"	"7.95353"	"12.7262"	"5.12837"
"116"	"13.9642"	"9.96514"	"10.3832"	"4.34527"
"117"	"12.5513"	"8.44433"	"14.0035"	"3.63981"
"118"	"17.6146"	"8.36682"	"13.0728"	"4.59326"
"119"	"12.5656"	"8.72147"	"10.5025"	"4.02005"
"120"	"13.826"	"9.68063"	"13.9061"	"3.0434"
"121"	"12.8402"	"8.51108"	"12.5785"	"3.56736"
"122"	"16.3759"	"4.63795"	"14.6581"	"3.80697"
"123"	"12.7503"	"8.31249"	"14.4525"	"4.15892"
"124"	"14.1393"	"5.15759"	"12.1544"	"3.25281"
"125"	"13.1164"	"9.31189"	"14.9011"	"2.79578"
"126"	"12.5969"	"8.65783"	"9.45725"	"4.15548"
"127"	"12.3435"	"8.30934"	"14.5762"	"3.95118"
"128"	"12.3902"	"7.64131"	"13.2466"	"5.46638"
"129"	"14.9301"	"7.86957"	"8.9534"	"3.58591"
"130"	"16.7088"	"4.9215"	"11.2502"	"2.65679"
"131"	"14.9799"	"6.13688"	"14.521"	"3.90887"
"132"	"14.2259"	"7.95353"	"13.1333"	"3.15735"
"133"	"12.4707"	"8.15623"	"13.3513"	"4.36226"
"134"	"14.7893"	"9.02117"	"12.2498"	"4.6303"
"135"	"12.5513"	"5.56593"	"12.3205"	"2.66498"
"136"	"16.5382"	"8.72147"	"10.5025"	"3.57105"
"137"	"16.9663"	"6.57158"	"9.77984"	"2.8727"
"138"	"12.3827"	"7.7482"	"12.844"	"5.06878"
"139"	"12.5262"	"8.41458"	"13.8903"	"4.23489"
"140"	"12.5927"	"8.3615"	"14.6168"	"3.61644"
"141"	"12.3785"	"8.72147"	"14.3675"	"5.82603"
"142"	"12.3574"	"8.07936"	"14.4525"	"4.15892"
"143"	"12.6214"	"5.05332"	"9.9628"	"4.06072"
"144"	"13.5983"	"4.61349"	"12.5378"	"4.90093"
"145"	"12.5124"	"9.04802"	"12.6555"	"3.58906"
"146"	"12.6029"	"8.45059"	"13.0987"	"3.74868"
"147"	"12.5262"	"8.41458"	"15.4976"	"5.92171"
"148"	"12.578"	"8.10751"	"13.3767"	"4.07704"
"149"	"12.9879"	"8.07936"	"14.4525"	"4.15892"
"150"	"12.4652"	"8.13673"	"13.1357"	"5.07576"
"151"	"12.5917"	"8.38235"	"12.8318"	"3.66082"
"152"	"12.7241"	"8.62642"	"14.3502"	"2.95528"
"153"	"17.0449"	"6.54487"	"9.75288"	"3.84692"
"154"	"12.6212"	"8.75183"	"10.2718"	"5.12262"
"155"	"12.1301"	"8.44433"	"11.8887"	"3.63981"
"156"	"12.5024"	"8.11516"	"14.2146"	"5.05131"
"157"	"12.8052"	"8.89428"	"13.6717"	"4.53666"
"158"	"16.6219"	"4.42787"	"12.449"	"5.06878"
"159"	"15.5429"	"7.7262"	"12.2616"	"3.9776"
"160"	"12.6214"	"8.28294"	"11.2448"	"3.58591"
"161"	"12.5978"	"8.96148"	"11.649"	"4.42882"
"162"	"14.8488"	"9.04802"	"13.0787"	"5.3939"
"163"	"12.6214"	"8.8245"	"11.569"	"3.78941"
"164"	"12.4802"	"8.24885"	"14.3308"	"4.18489"
"165"	"12.5833"	"8.43003"	"13.5216"	"3.75032"
"166"	"12.6422"	"6.43295"	"10.0619"	"2.97147"
"167"	"15.7897"	"4.75247"	"15.7363"	"4.15892"
"168"	"12.7522"	"8.42034"	"14.0414"	"4.66652"
"169"	"14.7064"	"6.0917"	"11.8923"	"2.97147"
"170"	"12.5814"	"8.43"	"13.6341"	"3.64831"
"171"	"12.8812"	"8.53101"	"13.0082"	"3.49655"
"172"	"12.6328"	"8.87679"	"12.3798"	"3.45093"
"173"	"12.8052"	"9.2791"	"12.5008"	"2.39225"
"174"	"12.5914"	"8.51896"	"11.9637"	"3.77528"
"175"	"12.5262"	"4.98845"	"13.6711"	"4.08666"
"176"	"14.9918"	"8.75183"	"13.8002"	"5.6282"
"177"	"15.3769"	"9.04802"	"12.6555"	"3.58906"
"178"	"16.0177"	"9.04802"	"8.05491"	"3.55443"
"179"	"12.5918"	"9.11745"	"12.2855"	"3.80327"
"180"	"13.6817"	"9.2791"	"12.5008"	"2.39225"
"181"	"12.7666"	"9.15039"	"12.6646"	"3.00202"
"182"	"12.5452"	"8.73961"	"12.4517"	"4.30887"
"183"	"13.691"	"4.90171"	"12.3798"	"4.12878"
"184"	"12.4492"	"8.53732"	"13.6532"	"3.2133"
"185"	"17.1176"	"7.61829"	"11.649"	"4.42882"
"186"	"12.4587"	"4.42339"	"12.7262"	"2.03632"
"187"	"12.5262"	"8.41458"	"14.9702"	"5.82324"
"188"	"16.7925"	"8.41458"	"15.8881"	"3.98539"
"189"	"15.7159"	"9.09219"	"15.3757"	"3.5889"
"190"	"12.5777"	"8.43373"	"13.9839"	"3.64741"
"191"	"12.6284"	"8.45143"	"12.6572"	"4.22188"
"192"	"12.5513"	"8.35432"	"13.5457"	"3.91199"
"193"	"16.2545"	"9.04802"	"13.821"	"2.07136"
"194"	"12.5124"	"9.42477"	"11.3831"	"2.04181"
"195"	"12.6103"	"8.58048"	"14.5623"	"3.58702"
"196"	"12.5583"	"9.61365"	"8.93042"	"5.77948"
"197"	"13.0627"	"4.65192"	"9.16538"	"5.79037"
"198"	"12.4492"	"9.77542"	"8.64992"	"3.2133"
"199"	"12.7896"	"8.99459"	"13.0197"	"4.51003"
"200"	"12.5593"	"8.81695"	"12.4389"	"4.40113"
"201"	"13.0595"	"5.59559"	"13.6532"	"4.35007"
"202"	"12.3959"	"8.08926"	"14.1021"	"4.19018"
"203"	"12.6329"	"8.74743"	"11.9335"	"3.05768"
"204"	"12.3808"	"6.45832"	"11.8923"	"2.76921"
"205"	"12.4895"	"8.66228"	"12.5472"	"4.22014"
"206"	"14.748"	"9.3038"	"15.4935"	"2.79375"
"207"	"16.038"	"5.58069"	"11.649"	"2.15249"
"208"	"12.5262"	"6.46588"	"12.7826"	"5.04881"
"209"	"12.5941"	"8.77625"	"14.0473"	"3.58748"
"210"	"12.5124"	"9.04802"	"12.628"	"3.96822"
"211"	"12.6086"	"8.64388"	"12.3766"	"3.7498"
"212"	"12.5192"	"9.37826"	"11.9618"	"2.17987"
"213"	"12.7675"	"8.88245"	"11.9895"	"2.87371"
"214"	"12.5387"	"8.85786"	"12.6879"	"3.32044"
"215"	"12.5347"	"8.92651"	"11.6172"	"3.32933"
"216"	"12.6328"	"8.78614"	"12.0526"	"3.36691"
"217"	"12.5305"	"8.27569"	"12.5275"	"4.14791"
"218"	"12.2814"	"8.73961"	"10.6438"	"5.05716"
"219"	"12.4492"	"5.38353"	"9.57919"	"3.2133"
"220"	"12.4465"	"8.15324"	"13.9641"	"4.20422"
"221"	"12.6263"	"8.89666"	"12.1548"	"4.04697"
"222"	"12.5593"	"6.04401"	"12.9479"	"2.93455"
"223"	"12.1284"	"8.74743"	"11.9335"	"5.37651"
"224"	"12.4849"	"8.09771"	"14.3819"	"4.47359"
"225"	"13.9232"	"6.11249"	"13.7793"	"3.58906"
"226"	"12.5124"	"8.1704"	"12.6555"	"3.58906"
"227"	"16.4707"	"9.15253"	"9.14689"	"4.90186"
"228"	"12.8052"	"9.2791"	"8.51995"	"2.39225"
"229"	"12.7804"	"8.93057"	"12.2573"	"2.66495"
"230"	"14.3543"	"9.04802"	"13.9795"	"4.74706"
"231"	"12.5995"	"9.20554"	"11.9526"	"2.3814"
"232"	"12.5758"	"8.90532"	"12.4063"	"3.60738"
"233"	"12.5784"	"9.02055"	"12.4315"	"3.50795"
"234"	"12.5804"	"8.56297"	"13.8132"	"3.4388"
"235"	"12.738"	"9.42477"	"11.3831"	"3.38523"
"236"	"15.5558"	"6.44436"	"10.1614"	"2.64534"
"237"	"12.5827"	"8.66081"	"12.3132"	"3.4505"
"238"	"12.6319"	"8.76686"	"12.0529"	"3.45019"
"239"	"13.8362"	"8.85786"	"12.6879"	"4.18542"
"240"	"12.7566"	"9.11289"	"12.4517"	"3.47627"
"241"	"12.704"	"9.04802"	"12.6555"	"4.03541"
"242"	"16.7217"	"7.3202"	"9.87385"	"3.58906"
"243"	"17.0124"	"4.72924"	"11.9526"	"4.03277"
"244"	"12.5809"	"9.19345"	"11.6235"	"3.5341"
"245"	"12.5784"	"9.02055"	"12.4315"	"5.76439"
"246"	"14.8173"	"6.841"	"14.3916"	"2.39137"
"247"	"12.6214"	"7.71178"	"14.4735"	"3.76502"
"248"	"12.5124"	"9.04802"	"12.628"	"2.55003"
"249"	"12.5961"	"9.06724"	"12.8449"	"2.78606"
"250"	"13.7744"	"6.9361"	"14.2913"	"3.60738"
"251"	"14.3742"	"9.37826"	"9.81299"	"2.30831"
"252"	"15.1639"	"8.24768"	"13.9721"	"3.32044"
"253"	"12.5628"	"9.07086"	"12.4905"	"3.81685"
"254"	"12.456"	"8.9099"	"12.5452"	"3.30644"
"255"	"12.5575"	"9.17743"	"11.9612"	"3.1483"
"256"	"13.041"	"8.92651"	"11.6172"	"5.99157"
"257"	"12.5575"	"5.14409"	"15.5563"	"3.1483"
"258"	"12.5575"	"9.17743"	"11.1411"	"3.55023"
"259"	"12.5124"	"9.31612"	"12.6555"	"5.36299"
"260"	"12.5995"	"4.86436"	"9.7167"	"3.94414"
"261"	"12.58"	"9.07222"	"12.2522"	"3.07329"
"262"	"14.8964"	"6.1821"	"12.4315"	"3.50795"
"263"	"12.5124"	"9.28344"	"11.4154"	"2.19108"
"264"	"12.6214"	"5.38887"	"10.612"	"5.26869"
"265"	"12.5508"	"9.03126"	"12.5128"	"3.95305"
"266"	"12.5628"	"9.07086"	"12.4905"	"3.63343"
"267"	"12.5809"	"9.19345"	"11.6235"	"3.50899"
"268"	"12.5192"	"4.51623"	"11.339"	"3.18302"
"269"	"13.2608"	"6.00245"	"14.3929"	"2.65488"
"270"	"15.0337"	"5.2961"	"11.3831"	"4.00582"
"271"	"12.4997"	"9.02361"	"12.5329"	"3.63262"
"272"	"12.5918"	"8.46916"	"12.6179"	"4.60707"
"273"	"12.5248"	"9.21983"	"11.6748"	"3.12434"
"274"	"12.5124"	"9.28344"	"10.2301"	"2.19108"
"275"	"12.5148"	"9.04857"	"12.3435"	"3.24638"
"276"	"12.5155"	"9.061"	"12.6173"	"3.32646"
"277"	"12.5554"	"9.03757"	"12.3837"	"3.69585"
"278"	"12.5995"	"8.98717"	"11.9526"	"2.3814"
"279"	"12.5487"	"9.102"	"11.9807"	"3.58853"
"280"	"12.5258"	"9.04423"	"12.4532"	"3.32002"
"281"	"12.5863"	"9.19281"	"11.5182"	"2.88014"
"282"	"13.1956"	"9.19345"	"10.2401"	"5.09484"
"283"	"13.1551"	"9.07086"	"8.77493"	"3.96972"
"284"	"12.5809"	"4.41536"	"9.4885"	"4.70196"
"285"	"16.3322"	"7.09607"	"13.4499"	"2.55003"
"286"	"12.5857"	"9.16911"	"12.4827"	"3.62921"
"287"	"12.58"	"9.18213"	"11.6424"	"3.51262"
"288"	"15.8818"	"5.93917"	"11.7332"	"3.30644"
"289"	"14.5618"	"7.4771"	"11.8797"	"2.98132"
"290"	"12.5228"	"9.26315"	"11.452"	"2.78781"
"291"	"12.5126"	"9.28078"	"12.3452"	"2.59507"
"292"	"17.3956"	"8.68402"	"12.192"	"3.1483"
"293"	"12.5258"	"9.15581"	"11.9629"	"3.15558"
"294"	"15.8133"	"9.04802"	"14.0289"	"3.58906"
"295"	"12.5625"	"4.67073"	"12.2522"	"2.1331"
"296"	"12.5628"	"6.54081"	"12.8392"	"4.87514"
"297"	"14.5443"	"7.27943"	"14.0655"	"2.05239"
"298"	"12.5861"	"9.18557"	"11.8085"	"2.92878"
"299"	"12.5241"	"9.11994"	"12.0488"	"2.50077"
"300"	"13.57"	"9.86557"	"9.82506"	"2.75311"
"301"	"12.5589"	"9.08551"	"12.1455"	"3.6246"
"302"	"12.5596"	"9.02938"	"11.7378"	"3.61769"
"303"	"12.5857"	"9.17494"	"11.9063"	"3.49926"
"304"	"12.5401"	"9.16765"	"12.1147"	"3.35888"
"305"	"12.5126"	"7.7375"	"12.3452"	"2.59507"
"306"	"12.5126"	"9.28078"	"13.1861"	"2.47657"
"307"	"12.5327"	"9.1437"	"12.1156"	"3.45755"
"308"	"12.5258"	"7.45109"	"8.6089"	"2.66466"
"309"	"17.0352"	"5.84219"	"9.12978"	"4.79046"
"310"	"12.5629"	"9.11575"	"12.1869"	"3.07436"
"311"	"12.5172"	"9.23808"	"11.5123"	"2.72246"
"312"	"12.5327"	"9.16858"	"11.8553"	"2.68386"
"313"	"17.1975"	"7.26513"	"11.9612"	"3.1483"
"314"	"12.5124"	"9.04802"	"9.99282"	"3.80722"
"315"	"15.5973"	"5.74341"	"11.5283"	"2.50273"
"316"	"12.5628"	"9.07086"	"10.5862"	"3.63343"
"317"	"12.5241"	"9.46321"	"13.0232"	"4.06456"
"318"	"12.5762"	"9.13988"	"11.9345"	"3.56154"
"319"	"17.6456"	"7.42672"	"9.78461"	"2.92878"
"320"	"12.5282"	"9.08161"	"12.3845"	"2.62837"
"321"	"12.5327"	"9.22546"	"12.1938"	"2.69007"
"322"	"17.3884"	"8.03374"	"13.11"	"4.86816"
"323"	"12.5248"	"7.12749"	"8.94046"	"3.12434"
"324"	"12.5164"	"9.14335"	"12.727"	"2.54232"
"325"	"12.5126"	"7.99495"	"13.1861"	"2.47657"
"326"	"12.5186"	"9.255"	"11.8819"	"2.67237"
"327"	"12.5941"	"9.14908"	"11.9589"	"2.54975"
"328"	"12.5636"	"9.07433"	"11.9751"	"3.09454"
"329"	"15.1444"	"5.28092"	"11.9629"	"2.66567"
"330"	"12.5645"	"9.18009"	"12.0322"	"2.60297"
"331"	"12.5124"	"9.27647"	"12.0063"	"3.22989"
"332"	"14.4456"	"8.42551"	"11.791"	"3.05262"
"333"	"12.5632"	"9.18304"	"11.9534"	"3.07335"
"334"	"17.0943"	"9.20554"	"9.65304"	"2.79963"
"335"	"12.58"	"4.50365"	"14.5616"	"3.07329"
"336"	"15.5724"	"6.09603"	"10.3714"	"3.62921"
"337"	"12.5731"	"9.24753"	"12.1495"	"2.7858"
"338"	"12.5126"	"9.28078"	"11.0228"	"2.59507"
"339"	"13.3685"	"9.2285"	"8.28012"	"4.3754"
"340"	"12.5236"	"9.26918"	"12.4551"	"2.50665"
"341"	"17.1222"	"9.21983"	"11.6748"	"5.71416"
"342"	"12.5359"	"9.12595"	"12.1764"	"3.10618"
"343"	"12.5169"	"9.25684"	"12.1586"	"2.58328"
"344"	"12.5124"	"9.28344"	"11.4154"	"5.65655"
"345"	"12.5399"	"9.11816"	"12.5931"	"2.59642"
"346"	"12.5683"	"9.07229"	"12.1499"	"3.09214"
"347"	"12.54"	"9.1603"	"12.0241"	"3.08612"
"348"	"12.5383"	"9.16848"	"12.3788"	"2.57618"
"349"	"16.4071"	"7.38217"	"11.4154"	"2.19108"
"350"	"12.2345"	"6.48706"	"8.37701"	"2.67237"
"351"	"15.1904"	"8.05474"	"14.4729"	"5.59683"
"352"	"14.4945"	"7.99044"	"12.4086"	"4.5423"
"353"	"12.5275"	"9.23007"	"12.3537"	"2.58046"
"354"	"16.4148"	"9.28078"	"14.5554"	"2.59507"
"355"	"16.9"	"6.72529"	"14.0507"	"3.08612"
"356"	"12.5346"	"9.2286"	"12.4016"	"2.91552"
"357"	"13.1358"	"5.08052"	"9.50626"	"2.49322"
"358"	"13.5209"	"4.90905"	"11.9534"	"3.07335"
"359"	"16.0317"	"9.26918"	"12.4551"	"2.4912"
"360"	"12.5156"	"9.24888"	"11.8013"	"2.92921"
"361"	"12.2793"	"9.18304"	"12.1113"	"4.29588"
"362"	"16.6949"	"9.11575"	"11.3912"	"4.26363"
"363"	"12.5136"	"9.28081"	"11.7613"	"2.42497"
"364"	"12.5124"	"6.46638"	"15.1377"	"5.16104"
"365"	"12.5255"	"9.2184"	"11.9374"	"3.15049"
"366"	"12.5641"	"9.07254"	"12.1384"	"3.09399"
"367"	"16.7794"	"9.86758"	"12.9445"	"3.71425"
"368"	"17.787"	"7.73017"	"12.2522"	"2.63011"
"369"	"14.7109"	"6.48499"	"12.3452"	"2.59507"
"370"	"12.5366"	"9.17005"	"12.2528"	"2.93059"
"371"	"14.0627"	"6.46584"	"9.57588"	"3.08612"
"372"	"12.5359"	"9.12595"	"12.8664"	"2.98294"
"373"	"17.8729"	"9.12595"	"11.2781"	"3.10618"
"374"	"13.0897"	"8.90321"	"11.7511"	"2.08356"
"375"	"12.5237"	"9.26509"	"12.3687"	"2.57089"
"376"	"14.5378"	"9.25684"	"14.8515"	"2.79819"
"377"	"16.462"	"9.18304"	"11.9534"	"3.829"
"378"	"12.5213"	"9.21986"	"12.0334"	"2.50526"
"379"	"14.5603"	"9.2184"	"11.9374"	"3.2483"
"380"	"13.2215"	"5.94941"	"12.4016"	"2.02237"
"381"	"15.2298"	"6.65654"	"14.8786"	"4.02265"
"382"	"12.5275"	"5.82836"	"11.7583"	"2.30018"
"383"	"17.6352"	"6.41657"	"11.7613"	"5.65983"
"384"	"13.5008"	"6.58519"	"14.2066"	"5.91902"
"385"	"12.5124"	"9.28168"	"12.1363"	"2.54792"
"386"	"12.5298"	"9.26353"	"12.2991"	"3.03567"
"387"	"17.863"	"6.07348"	"9.87208"	"2.35762"
"388"	"12.5257"	"9.13351"	"12.198"	"2.60408"
"389"	"12.5237"	"8.20777"	"14.4297"	"2.26532"
"390"	"12.526"	"9.23948"	"12.2643"	"2.91075"
"391"	"16.2969"	"9.12595"	"14.3181"	"2.45074"
"392"	"12.5199"	"9.22249"	"12.1246"	"2.88866"
"393"	"12.5277"	"9.23658"	"12.4052"	"2.8089"
"394"	"12.5229"	"9.27403"	"11.7074"	"2.88518"
"395"	"12.5541"	"9.20626"	"12.0435"	"2.52757"
"396"	"12.5334"	"9.25228"	"12.4382"	"2.73684"
"397"	"12.5255"	"9.75926"	"14.1702"	"3.15049"
"398"	"12.5502"	"9.18092"	"12.2748"	"2.77776"
"399"	"12.5142"	"9.27082"	"12.1197"	"2.56946"
"400"	"12.5144"	"9.24113"	"11.5693"	"3.02408"
"401"	"12.53"	"9.25007"	"12.3774"	"2.93037"
"402"	"12.5239"	"9.27894"	"12.1367"	"2.86889"
"403"	"12.5126"	"9.28152"	"12.404"	"2.54594"
"404"	"12.5132"	"9.208"	"12.1084"	"3.03848"
"405"	"12.5232"	"9.26749"	"12.1179"	"2.76854"
"406"	"16.1989"	"8.22404"	"11.9778"	"2.57089"
"407"	"12.5194"	"9.25597"	"11.904"	"2.53869"
"408"	"12.5246"	"9.15196"	"12.2751"	"2.77628"
"409"	"17.9192"	"9.26509"	"14.2418"	"2.02456"
"410"	"12.5548"	"9.19313"	"12.1542"	"2.83066"
"411"	"12.5224"	"9.25485"	"12.1124"	"3.11986"
"412"	"12.5179"	"9.2343"	"12.1546"	"2.69928"
"413"	"12.5359"	"9.12595"	"9.53546"	"4.34401"
"414"	"12.5226"	"9.25815"	"11.6791"	"2.63122"
"415"	"12.5243"	"9.23823"	"12.4057"	"2.78183"
"416"	"12.5271"	"9.24432"	"12.4691"	"2.629"
"417"	"12.5256"	"9.26369"	"12.2284"	"2.94771"
"418"	"12.5268"	"9.22138"	"12.1547"	"3.03638"
"419"	"12.5141"	"9.25204"	"12.1091"	"2.67097"
"420"	"12.5219"	"9.27165"	"12.1152"	"3.07161"
"421"	"12.5229"	"9.23886"	"12.185"	"3.14445"
"422"	"12.9929"	"9.28168"	"12.1363"	"2.54792"
"423"	"12.5281"	"9.22572"	"11.9849"	"3.1074"
"424"	"12.5242"	"9.20664"	"12.1899"	"2.89241"
"425"	"12.5159"	"9.25337"	"12.2447"	"2.67357"
"426"	"12.5293"	"9.24497"	"12.1729"	"2.91891"
"427"	"12.514"	"9.27247"	"12.4512"	"2.56439"
"428"	"12.5274"	"9.24047"	"12.4547"	"2.59481"
"429"	"15.9577"	"5.11261"	"13.5998"	"4.27177"
"430"	"12.5632"	"8.97035"	"8.54559"	"4.73283"
"431"	"12.5236"	"9.26618"	"12.2683"	"2.56996"
"432"	"12.5162"	"9.27073"	"12.059"	"2.55218"
"433"	"12.5236"	"9.26468"	"12.2864"	"2.69249"
"434"	"12.5293"	"9.23903"	"12.247"	"3.03629"
"435"	"12.5132"	"5.65799"	"14.1708"	"3.08121"
"436"	"12.526"	"9.26418"	"12.1258"	"3.05708"
"437"	"12.5254"	"9.22542"	"12.1281"	"2.89959"
"438"	"12.5193"	"9.28001"	"12.3509"	"2.89919"
"439"	"12.5234"	"9.26806"	"12.2214"	"2.66849"
"440"	"17.0253"	"8.42372"	"12.4512"	"5.97786"
"441"	"12.5173"	"9.18156"	"12.3162"	"2.90506"
"442"	"12.52"	"9.27995"	"12.2666"	"2.64644"
"443"	"12.525"	"9.2483"	"12.0467"	"3.11896"
"444"	"14.4199"	"9.22572"	"10.4045"	"3.1074"
"445"	"12.5208"	"9.27229"	"12.2425"	"2.57353"
"446"	"12.5164"	"9.26888"	"12.1948"	"2.57064"
"447"	"12.5125"	"9.28128"	"12.2756"	"2.58534"
"448"	"12.525"	"9.20369"	"12.2613"	"2.95604"
"449"	"12.5244"	"9.26595"	"12.201"	"2.78394"
"450"	"12.5293"	"9.23934"	"12.294"	"3.03625"
"451"	"12.5293"	"9.23903"	"11.0649"	"5.5964"
"452"	"12.5228"	"9.21747"	"12.1502"	"3.03698"
"453"	"12.5172"	"9.22888"	"12.1124"	"3.04425"
"454"	"12.5236"	"9.26811"	"12.1175"	"3.06434"
"455"	"12.5134"	"9.24457"	"12.2329"	"2.77489"
"456"	"12.5137"	"9.25543"	"12.265"	"2.95778"
"457"	"12.5133"	"9.27136"	"12.1768"	"2.6365"
"458"	"12.514"	"5.26204"	"12.4512"	"2.56439"
"459"	"12.5221"	"9.25834"	"12.0601"	"3.09328"
"460"	"12.5239"	"9.25422"	"12.1288"	"2.6308"
"461"	"12.5125"	"9.28159"	"12.2505"	"2.54654"
"462"	"12.5164"	"9.26992"	"12.2053"	"2.69333"
"463"	"12.5182"	"9.26796"	"12.2619"	"2.80016"
"464"	"12.5173"	"9.25916"	"12.1566"	"2.59018"
"465"	"12.5211"	"9.26805"	"12.2522"	"2.95121"
"466"	"12.5291"	"9.25296"	"12.1455"	"3.04258"
"467"	"12.5164"	"9.23456"	"12.2392"	"3.03867"
"468"	"12.5293"	"8.12138"	"11.0585"	"3.03625"
"469"	"13.6779"	"9.23934"	"14.723"	"3.03625"
"470"	"12.5141"	"9.21489"	"12.1161"	"3.03767"
"471"	"12.5234"	"9.2741"	"12.2504"	"2.56548"
"472"	"12.5261"	"9.25337"	"12.1279"	"3.05386"
"473"	"12.5127"	"9.21841"	"12.32"	"2.57031"
"474"	"12.5229"	"9.27067"	"12.1163"	"3.06466"
"475"	"15.7825"	"4.07368"	"12.1502"	"2.21167"
"476"	"12.5185"	"9.26212"	"12.3175"	"2.55151"
"477"	"17.2896"	"9.22138"	"10.3697"	"4.52272"
"478"	"12.5162"	"9.26021"	"12.2368"	"2.73675"
"479"	"16.1973"	"9.02024"	"12.1258"	"4.1436"
"480"	"13.4672"	"9.27247"	"12.0238"	"5.54675"
"481"	"17.7871"	"4.47786"	"12.2991"	"5.09895"
"482"	"12.5271"	"9.26326"	"12.2858"	"3.0358"
"483"	"12.5194"	"9.25972"	"12.2238"	"3.06902"
"484"	"12.5291"	"6.3516"	"10.2723"	"2.33304"
"485"	"12.5291"	"7.99963"	"9.21012"	"5.70096"
"486"	"13.5247"	"9.77686"	"12.294"	"3.26464"
"487"	"16.7662"	"9.22888"	"10.2009"	"5.26519"
"488"	"12.5141"	"9.21489"	"12.1161"	"5.60355"
"489"	"12.5267"	"9.26056"	"12.1866"	"3.03917"
"490"	"12.2937"	"9.29044"	"12.5869"	"2.80167"
"491"	"16.9177"	"9.85781"	"12.247"	"2.11979"
"492"	"12.5268"	"9.42819"	"12.1547"	"4.34976"
"493"	"17.9066"	"6.25697"	"9.39252"	"5.55007"
"494"	"12.523"	"9.26896"	"12.1172"	"3.06466"
"495"	"15.5494"	"6.35155"	"8.76341"	"3.05386"
"496"	"15.0745"	"9.17368"	"8.98549"	"2.31977"
"497"	"13.2812"	"9.375"	"9.875"	"3.34375"
"498"	"12.0312"	"7.625"	"10.625"	"1.84375"
"499"	"12.6562"	"6.125"	"13.125"	"1.28125"
"500"	"17.0312"	"5.125"	"12.125"	"5.78125"
"501"	"11.4062"	"7.375"	"11.625"	"3.15625"
"502"	"17.6562"	"11.625"	"10.375"	"1.09375"
"503"	"18.9062"	"6.375"	"8.125"	"3.71875"
"504"	"10.7812"	"8.125"	"15.625"	"1.65625"
"505"	"18.2812"	"11.875"	"9.375"	"2.78125"
"506"	"10.4688"	"9.125"	"9.125"	"5.59375"
"507"	"14.2188"	"11.375"	"11.125"	"3.53125"
"508"	"14.8438"	"7.125"	"13.875"	"2.59375"
"509"	"16.4062"	"10.375"	"12.625"	"5.96875"
"510"	"13.9062"	"10.125"	"14.375"	"1.46875"
"511"	"15.4688"	"4.875"	"15.125"	"3.90625"
"512"	"10.1562"	"5.375"	"15.375"	"2.96875"
"513"	"16.7188"	"10.625"	"8.625"	"5.03125"
"514"	"14.5312"	"11.125"	"8.875"	"4.09375"
"515"	"16.0938"	"5.875"	"9.625"	"6.53125"
"516"	"13.5938"	"5.625"	"11.375"	"2.03125"
"517"	"15.1562"	"8.875"	"10.125"	"5.40625"
"518"	"15.7812"	"4.625"	"12.875"	"4.46875"
"519"	"19.5312"	"6.875"	"14.875"	"2.40625"
"520"	"11.7188"	"4.125"	"14.625"	"5.21875"
"521"	"19.2188"	"7.875"	"8.375"	"6.34375"
"522"	"11.0938"	"9.625"	"15.875"	"4.28125"
"523"	"12.3438"	"4.375"	"13.625"	"6.90625"
"524"	"18.5938"	"8.625"	"12.375"	"4.84375"
"525"	"12.9688"	"10.875"	"11.875"	"2.21875"
"526"	"17.3438"	"9.875"	"10.875"	"6.71875"
"527"	"17.9688"	"8.375"	"13.375"	"6.15625"
"528"	"19.8438"	"6.625"	"14.125"	"4.65625"
"529"	"16.495"	"10.7182"	"9.99337"	"3.46995"
"530"	"12.341"	"10.7309"	"11.5675"	"2.12"
"531"	"11.6121"	"7.90069"	"9.6554"	"5.21468"
"532"	"14.2188"	"8.87287"	"11.125"	"5.96235"
"533"	"11.3806"	"9.69289"	"14.2354"	"4.04627"
"534"	"13.6305"	"9.93329"	"10.2924"	"4.52109"
"535"	"13.2581"	"8.71238"	"14.4776"	"4.67241"
"536"	"15.6179"	"10.1309"	"11.625"	"3.15625"
"537"	"19.732"	"9.375"	"11.6877"	"3.71211"
"538"	"14.5312"	"5.29939"	"8.875"	"4.09375"
"539"	"17.0358"	"10.375"	"12.625"	"6.54341"
"540"	"13.6519"	"6.76206"	"10.7078"	"5.74266"
"541"	"15.7287"	"9.53873"	"10.4313"	"2.489"
"542"	"16.7483"	"10.2591"	"13.5616"	"5.21875"
"543"	"13.2977"	"8.68145"	"12.2097"	"2.49806"
"544"	"12.9854"	"7.70487"	"15.8783"	"4.00681"
"545"	"11.9238"	"9.2197"	"14.1279"	"2.0657"
"546"	"12.883"	"10.7821"	"11.5755"	"2.20196"
"547"	"17.8907"	"7.65696"	"8.05543"	"2.12"
"548"	"12.5457"	"7.92725"	"11.899"	"3.27911"
"549"	"14.7535"	"8.80337"	"13.2264"	"6.25042"
"550"	"14.0061"	"10.7813"	"11.1136"	"4.39133"
"551"	"14.3866"	"8.94231"	"11.1833"	"4.49209"
"552"	"18.8852"	"11.8422"	"15.8783"	"3.56202"
"553"	"19.0589"	"11.6107"	"13.5101"	"5.74099"
"554"	"13.9062"	"9.68295"	"9.60195"	"5.83919"
"555"	"12.9217"	"9.93329"	"8.82198"	"1.84672"
"556"	"16.346"	"9.63954"	"12.3195"	"3.76298"
"557"	"13.9372"	"8.53669"	"14.2183"	"5.55107"
"558"	"17.521"	"4.09483"	"8.29561"	"4.86073"
"559"	"12.2639"	"9.00586"	"13.0746"	"4.19764"
"560"	"11.2409"	"7.74381"	"12.3643"	"2.13819"
"561"	"18.0492"	"11.0372"	"11.875"	"4.67904"
"562"	"12.9411"	"10.8091"	"11.6152"	"2.20848"
"563"	"10.2748"	"6.05501"	"11.5755"	"4.47322"
"564"	"11.9326"	"9.2197"	"8.75403"	"1.76636"
"565"	"12.6016"	"8.32091"	"14.5724"	"3.57449"
"566"	"15.6674"	"7.92725"	"11.899"	"3.92903"
"567"	"13.6413"	"9.09498"	"13.2075"	"2.1943"
"568"	"17.0331"	"6.03038"	"14.0911"	"2.66232"
"569"	"16.2961"	"11.4445"	"12.5948"	"3.42053"
"570"	"13.0895"	"10.9595"	"10.7544"	"2.98111"
"571"	"12.2639"	"9.00586"	"9.27668"	"3.50567"
"572"	"14.4896"	"10.7731"	"12.8644"	"4.90839"
"573"	"12.9217"	"4.36567"	"12.528"	"6.71246"
"574"	"13.9372"	"5.64789"	"14.2183"	"2.02348"
"575"	"12.5489"	"7.72419"	"12.3598"	"3.78306"
"576"	"13.2977"	"6.42559"	"14.4779"	"1.30005"
"577"	"11.5653"	"11.1471"	"8.08878"	"2.21875"
"578"	"12.9582"	"10.8539"	"11.6355"	"2.21158"
"579"	"12.2986"	"10.7532"	"9.83821"	"1.77014"
"580"	"12.0664"	"10.0328"	"13.5911"	"2.10044"
"581"	"12.4564"	"9.2424"	"11.4252"	"1.97713"
"0"	""	""	""	""
